seq_id,pos,E1,E2,E3,E4,E5,E6,E7,E8,E9,E10,E11,E12,E13,E14,E15,E16,E17,E18,E19,E20,T1,T2,T3,T4,T5,T6,T7,T8,T9,T10
seq1,1,0.675743,0.950495,0.106671,0.333312,0.355109,0.017761,0.133203,0.541012,0.082026,0.105577,0.080234,0.043428,0.046526,0.453660,0.655169,0.025720,0.925893,0.943051,0.196477,0.069284,0.075517,0.091616,0.286192,0.627005,0.125675,0.930028,0.031731,0.696912,0.937490,0.231882
seq1,2,0.487391,0.969428,0.325394,0.775175,0.118446,0.084691,0.177223,0.819318,0.092131,0.287023,0.145701,0.363984,0.092728,0.578253,0.424108,0.026344,0.819616,0.947683,0.087444,0.015531,0.104986,0.033098,0.016139,0.118588,0.451763,0.935186,0.036728,0.687385,0.616237,0.068197
seq1,3,0.718239,0.945806,0.097727,0.615256,0.209362,0.027401,0.169196,0.469958,0.118060,0.065370,0.122345,0.286185,0.026702,0.291511,0.124959,0.021365,0.911083,0.923100,0.117173,0.060179,0.099286,0.084622,0.148281,0.228457,0.120560,0.895148,0.050214,0.680888,0.672274,0.014300
seq1,4,0.414230,0.901441,0.245777,0.542063,0.258782,0.094975,0.836081,0.908847,0.270258,0.018474,0.365226,0.273542,0.019603,0.278839,0.092672,0.064905,0.553854,0.546266,0.063912,0.070764,0.353213,0.114128,0.183335,0.354062,0.102865,0.847188,0.060207,0.529734,0.429455,0.064337
seq1,5,0.077272,0.770035,0.234283,0.923517,0.187420,0.020664,0.909682,0.634102,0.321971,0.014323,0.262699,0.787009,0.019722,0.286524,0.275053,0.046016,0.070690,0.123304,0.064190,0.057252,0.428437,0.085790,0.100947,0.258894,0.089700,0.877211,0.053828,0.901739,0.049230,0.019340
seq1,6,0.709150,0.927175,0.176472,0.406579,0.288193,0.011825,0.463624,0.716172,0.118562,0.287161,0.108283,0.176215,0.012250,0.542610,0.458266,0.031100,0.579885,0.641998,0.048759,0.021300,0.188406,0.028870,0.142790,0.385034,0.284706,0.869556,0.056100,0.632327,0.407983,0.160035
seq1,7,0.431208,1.000000,0.375591,0.687230,0.198179,0.148100,0.711243,0.862444,0.594867,0.031975,0.519226,0.438170,0.014286,0.193259,0.096627,0.027955,0.357875,0.501351,0.015629,0.107361,0.223262,0.100745,0.045025,0.351902,0.115721,0.873212,0.067420,0.544912,0.288958,0.061496
seq1,8,0.396390,0.918154,0.423747,0.322117,0.061069,0.016800,0.912980,0.752928,0.212358,0.165423,0.227957,0.401443,0.026338,0.406397,0.224509,0.032109,0.591647,0.750385,0.207751,0.000000,0.294463,0.052928,0.386916,0.573716,0.148475,0.896544,0.041589,0.802873,0.653578,0.055976
seq1,9,0.770748,0.941923,0.125937,0.023081,0.250505,0.042922,0.323144,0.580808,0.036162,0.133822,0.018323,0.079633,0.037098,0.414542,0.589368,0.028078,0.941441,0.908914,0.153644,0.014514,0.181364,0.017160,0.407184,0.671070,0.041052,0.927384,0.138417,0.908397,0.899096,0.369001
seq1,10,0.714169,0.922136,0.560567,0.169947,0.580975,0.192646,0.054755,0.439840,0.033881,0.390110,0.123343,0.017223,0.011713,0.445282,0.661080,0.011481,0.927636,0.896117,0.030620,0.081481,0.065331,0.039820,0.052473,0.146789,0.457984,0.930301,0.053483,0.691723,0.921044,0.066605
seq1,11,0.881765,0.956690,0.183938,0.313208,0.243700,0.056116,0.328962,0.593437,0.069804,0.382529,0.034255,0.016069,0.016204,0.602125,0.687816,0.025492,0.777784,0.829507,0.032318,0.022870,0.326876,0.227580,0.061591,0.108959,0.452655,0.945911,0.053666,0.769094,0.623981,0.024199
seq1,12,0.948747,0.973348,0.029338,0.142792,0.223431,0.189691,0.061341,0.654801,0.040237,0.490393,0.149237,0.021050,0.016192,0.601339,0.835748,0.033225,0.616715,0.866884,0.030195,0.076810,0.169112,0.016421,0.284180,0.251977,0.469351,0.937965,0.023900,0.938122,0.677506,0.010583
seq2,1,0.018451,0.028398,0.749511,0.428485,0.032640,0.325974,0.009925,0.015340,0.123138,0.764292,0.283730,0.052919,0.559219,0.970759,0.995984,0.291119,0.399191,0.947713,0.030470,0.029952,0.045903,0.101034,0.283199,0.600570,0.528378,0.015478,0.735245,0.849294,0.463907,0.208543
seq2,2,0.188626,0.050996,0.273587,0.513747,0.165741,0.016312,0.020624,0.044054,0.344237,0.570890,0.149906,0.292723,0.029525,0.610638,0.569156,0.505389,0.351195,0.947842,0.188827,0.207278,0.172530,0.124088,0.207078,0.686877,0.697205,0.011359,0.971138,0.288433,0.136412,0.012310
seq2,3,0.114239,0.492387,0.253855,0.594436,0.058807,0.006251,0.041956,0.007545,0.272706,0.229773,0.002420,0.460256,0.065715,0.142127,0.143350,0.275851,0.712265,0.209444,0.131090,0.021427,0.977617,0.020661,0.109587,0.992635,0.028444,0.051120,0.801504,0.520120,0.178712,0.007895
seq2,4,0.030485,0.471239,0.645212,0.766647,0.094581,0.528086,0.348219,0.034006,0.497324,0.020877,0.491054,0.522136,0.483554,0.343722,0.857790,0.360556,0.675807,0.072229,0.575654,0.041973,0.985308,0.110238,0.099691,0.801548,0.396035,0.022243,0.195522,0.886128,0.314558,0.036501
seq2,5,0.209577,0.869541,0.942878,0.665119,0.046134,0.475689,0.211356,0.007722,0.782351,0.010010,0.395191,0.316270,0.396504,0.402567,0.903117,0.689134,0.150877,0.059619,0.669651,0.318497,0.998089,0.246169,0.195440,0.931462,0.704497,0.011680,0.138404,0.860111,0.339951,0.016882
seq2,6,0.023922,0.637680,0.336425,0.878589,0.427370,0.098457,0.627135,0.026906,0.805973,0.089362,0.080002,0.644507,0.000065,0.022814,0.268113,0.579564,0.993958,0.001431,0.709407,0.053523,0.860899,0.050456,0.044761,0.970833,0.620044,0.024209,0.227456,0.074831,0.312441,0.011145
seq2,7,0.291462,0.591116,0.439996,0.793912,0.506397,0.051449,0.431368,0.050981,0.889577,0.140738,0.405944,0.564166,0.045341,0.197171,0.066807,0.762814,0.900086,0.388268,0.822808,0.259946,0.840488,0.179725,0.074845,0.863812,0.796712,0.022324,0.549263,0.152861,0.167841,0.009046
seq2,8,0.455999,0.283081,0.420823,0.641801,0.055765,0.047859,0.086789,0.046416,0.447712,0.191050,0.650061,0.839180,0.055132,0.390813,0.144256,0.709351,0.625616,0.968988,0.630740,0.081341,0.588070,0.083387,0.020367,0.779336,0.854755,0.014749,0.711501,0.075410,0.424216,0.016258
seq2,9,0.347550,0.062232,0.177623,0.741774,0.133981,0.019372,0.031981,0.023211,0.548176,0.670193,0.165003,0.626996,0.007242,0.414238,0.486198,0.616178,0.173527,0.995290,0.274187,0.068875,0.530068,0.143523,0.048123,0.951766,0.576875,0.019815,0.846174,0.223409,0.269934,0.000142
seq2,10,0.745354,0.015831,0.764338,0.655972,0.574678,0.010546,0.003692,0.213387,0.552855,0.902361,0.621806,0.394769,0.305531,0.859607,0.978243,0.212709,0.035408,0.959094,0.042867,0.101420,0.278141,0.033097,0.336100,0.431578,0.412167,0.001598,0.695818,0.045495,0.395397,0.010003
seq2,11,0.006274,0.045619,0.137445,0.666106,0.234310,0.009489,0.050310,0.019294,0.403996,0.957201,0.055883,0.553114,0.126970,0.348190,0.445701,0.000000,0.219228,0.364625,0.043095,0.005199,0.421740,0.009956,0.154272,0.997658,0.033178,0.009941,0.855156,0.754261,0.005778,0.026141
seq2,12,0.376796,0.024119,0.129739,0.934836,0.104371,0.051341,0.269387,0.050657,0.200290,0.271381,0.447371,0.317368,0.034539,0.866476,0.491079,0.349404,0.150213,0.909481,0.473987,0.012665,0.840689,0.893076,0.167733,0.447865,0.716270,0.016608,0.514205,0.525890,0.406159,0.012834
seq2,13,0.288877,0.598537,0.939987,0.482879,0.128339,0.105100,0.297648,0.016235,0.611044,0.573389,0.668241,0.649563,0.002819,0.885672,0.075013,0.717927,0.740538,0.063644,0.874927,0.034570,0.590361,0.009011,0.059476,0.614267,0.993991,0.013876,0.033412,0.087446,0.272055,0.020570
seq2,14,0.704260,0.629084,0.329759,0.759093,0.248694,0.055998,0.203936,0.047017,0.800376,0.261578,0.536862,0.741787,0.025290,0.596090,0.188557,0.458744,0.357946,0.372991,0.947110,0.159890,0.791698,0.671561,0.092889,0.705194,0.849921,0.019746,0.286946,0.102621,0.072508,0.018615
seq2,15,0.823718,0.432865,0.115593,0.635525,0.614335,0.030466,0.068597,0.064169,0.746022,0.283579,0.369698,0.790896,0.020027,0.619679,0.182911,0.592422,0.688658,0.851121,0.800407,0.086150,0.881590,0.850631,0.279724,0.784774,0.673766,0.004283,0.225059,0.066018,0.137639,0.020090
seq2,16,0.474336,0.552237,0.260452,0.808531,0.425093,0.113790,0.348118,0.043619,0.801663,0.249133,0.302648,0.555248,0.063730,0.245298,0.349629,0.556275,0.882354,0.469291,0.734440,0.182301,0.916758,0.505464,0.124514,0.911805,0.567859,0.021256,0.500490,0.397461,0.120698,0.023750
seq2,17,0.227031,0.730078,0.813006,0.668167,0.070028,0.782708,0.246006,0.004632,0.671836,0.040109,0.326142,0.433010,0.289199,0.295865,0.895628,0.583964,0.501178,0.095099,0.673167,0.557869,1.000000,0.055346,0.020386,0.635110,0.622278,0.008304,0.329972,0.709066,0.542365,0.020142
seq2,18,0.015324,0.393972,0.589109,0.735710,0.517591,0.522858,0.667394,0.020403,0.545277,0.046074,0.029703,0.314593,0.130931,0.353468,0.579123,0.140540,0.951167,0.019566,0.800815,0.054646,0.942793,0.374534,0.140464,0.502679,0.157075,0.003189,0.188874,0.681475,0.593686,0.015354
seq2,19,0.014152,0.031435,0.720701,0.440873,0.046094,0.248220,0.057734,0.022206,0.215064,0.897082,0.117001,0.036603,0.444851,0.971826,0.992510,0.241556,0.097158,0.715195,0.210158,0.065463,0.116870,0.179015,0.160120,0.610919,0.559811,0.011700,0.542135,0.811788,0.579460,0.072550
seq2,20,0.562023,0.137951,0.707950,0.302191,0.746049,0.010028,0.048496,0.307100,0.250293,0.636914,0.040565,0.250622,0.086757,0.458480,0.551957,0.423334,0.053926,0.331778,0.010463,0.007853,0.252618,0.003734,0.926131,0.212614,0.063109,0.014597,0.480275,0.312766,0.183119,0.118490
seq2,21,0.085894,0.155142,0.282269,0.727258,0.021210,0.035412,0.111931,0.042637,0.458674,0.355737,0.268110,0.723712,0.017257,0.078580,0.142579,0.625100,0.542289,0.545125,0.318759,0.017708,0.542166,0.053892,0.012296,0.958073,0.400475,0.010933,0.863940,0.137946,0.314716,0.007258
seq2,22,0.118520,0.368521,0.410350,0.667132,0.122481,0.024776,0.072600,0.000504,0.640958,0.485810,0.241208,0.770303,0.122129,0.228738,0.276406,0.319370,0.719490,0.332886,0.222162,0.021505,0.766210,0.021334,0.121452,0.990614,0.398387,0.028705,0.676179,0.023129,0.275683,0.006826
seq2,23,0.190211,0.018808,0.106395,0.938509,0.039399,0.017413,0.568905,0.021720,0.110079,0.108535,0.301321,0.123408,0.009755,0.856384,0.539766,0.344669,0.012314,0.917593,0.623818,0.088331,0.578344,0.966880,0.220247,0.420632,0.690578,0.008682,0.458243,0.504312,0.393012,0.008026
seq2,24,0.014273,0.139998,0.129174,0.827882,0.007578,0.105481,0.678667,0.032432,0.092093,0.092216,0.019036,0.465102,0.214602,0.313621,0.254386,0.243651,0.791038,0.116585,0.633719,0.151585,0.860016,0.810847,0.201653,0.802835,0.234301,0.014085,0.204964,0.624229,0.473487,0.031118
seq2,25,0.014233,0.021189,0.068196,0.489879,0.789862,0.020077,0.188981,0.153586,0.513754,0.065514,0.030762,0.808350,0.022470,0.012709,0.027323,0.005172,0.996118,0.041361,0.260569,0.008783,0.518029,0.007395,0.074249,0.965992,0.122528,0.010611,0.350681,0.046971,0.278109,0.007929
seq2,26,0.007059,0.021882,0.249648,0.380400,0.068812,0.043911,0.226728,0.015230,0.073563,0.878260,0.033158,0.619783,0.008087,0.046737,0.048228,0.052392,0.429069,0.036883,0.005260,0.022237,0.436503,0.008491,0.224303,0.997954,0.029980,0.113661,0.659110,0.668309,0.026380,0.022125
seq2,27,0.005506,0.205163,0.444377,0.962969,0.395056,0.471484,0.726404,0.018185,0.344289,0.109521,0.030040,0.397783,0.180897,0.056729,0.356613,0.275419,0.996892,0.061365,0.655253,0.054203,0.995925,0.211879,0.040599,0.816986,0.010482,0.028801,0.430815,0.698076,0.594913,0.027042
seq2,28,0.010643,0.236872,0.345132,0.835042,0.606666,0.543167,0.845140,0.014135,0.499203,0.029976,0.038009,0.396731,0.088431,0.081489,0.403795,0.083999,0.997729,0.071659,0.857791,0.036377,0.947311,0.234617,0.098791,0.523763,0.067095,0.007635,0.136316,0.550360,0.491927,0.014133
seq3,1,0.199286,0.074085,0.564220,0.039592,0.103360,0.063555,0.136866,0.244446,0.473693,0.078724,0.183125,0.371289,0.006135,0.335063,0.327306,0.787141,0.019208,1.000000,0.540738,0.155336,0.696505,0.000233,0.000931,0.003624,0.237640,0.390256,0.608520,0.034044,0.107216,0.002547
seq3,2,0.259672,0.086598,0.689977,0.018305,0.458525,0.012370,0.045836,0.242910,0.396794,0.001287,0.219345,0.222410,0.223291,0.324775,0.559677,0.811337,0.005465,0.962790,0.273812,0.134916,0.781656,0.000448,0.127146,0.062941,0.190113,0.349491,0.809749,0.116304,0.048041,0.002534
seq3,3,0.338905,0.110026,0.825707,0.077842,0.766133,0.000062,0.001653,0.365938,0.732218,0.000066,0.197392,0.000269,0.083816,0.414990,0.603117,0.677118,0.161872,0.794683,0.385606,0.122427,0.659257,0.003968,0.034220,0.258798,0.364308,0.475927,0.866821,0.117066,0.373821,0.141296
seq3,4,0.217609,0.118606,0.770580,0.070021,0.723147,0.049767,0.001790,0.457260,0.774263,0.002995,0.234090,0.085447,0.021174,0.462526,0.703360,0.707170,0.335233,0.841598,0.416328,0.085136,0.513125,0.000887,0.000941,0.089883,0.302941,0.177325,0.879506,0.099545,0.336914,0.045309
seq3,5,0.109198,0.169435,0.817036,0.396177,0.755820,0.052068,0.001922,0.404892,0.572827,0.003849,0.400592,0.323965,0.058893,0.261702,0.780400,0.607840,0.416346,0.761269,0.394617,0.122280,0.568144,0.002126,0.001110,0.173258,0.436237,0.228356,0.710171,0.030727,0.281652,0.016539
seq3,6,0.094417,0.021274,0.831606,0.115389,0.610183,0.001049,0.002789,0.593298,0.864295,0.002952,0.418432,0.114086,0.045521,0.309096,0.533676,0.699536,0.363322,0.602338,0.237521,0.076193,0.950241,0.001736,0.003644,0.476358,0.628390,0.419334,0.748460,0.024732,0.665111,0.004535
seq3,7,0.208174,0.068673,0.788429,0.002322,0.574368,0.000972,0.196404,0.823296,0.778303,0.003189,0.534800,0.342953,0.005859,0.295672,0.605467,0.904100,0.251581,0.731634,0.086622,0.130329,0.755531,0.137445,0.001340,0.423488,0.699337,0.422900,0.899557,0.000000,0.491641,0.148724
seq3,8,0.159056,0.138486,0.637954,0.054016,0.568045,0.077486,0.001412,0.590286,0.502020,0.005924,0.474016,0.522729,0.015913,0.187476,0.496511,0.656739,0.187496,0.794491,0.007701,0.082917,0.705457,0.001924,0.109887,0.401318,0.504731,0.364473,0.592172,0.060710,0.269519,0.286406
seq3,9,0.156870,0.001177,0.527203,0.033733,0.189805,0.138980,0.176593,0.485870,0.759531,0.107545,0.116905,0.595543,0.003280,0.217941,0.358872,0.888873,0.306533,0.801697,0.012455,0.065204,0.962750,0.002194,0.002297,0.149052,0.214667,0.144431,0.764446,0.009321,0.501955,0.024823
seq3,10,0.265321,0.019400,0.572286,0.160054,0.324924,0.051176,0.003739,0.531738,0.672199,0.000162,0.113639,0.485430,0.002847,0.246225,0.398596,0.928466,0.418038,0.951621,0.153105,0.143225,0.913270,0.000364,0.024884,0.241521,0.225194,0.048949,0.879057,0.046788,0.316228,0.035616
seq3,11,0.364233,0.006785,0.691418,0.073316,0.264887,0.034446,0.003266,0.317255,0.733123,0.010467,0.160561,0.418698,0.007384,0.428412,0.443882,0.814105,0.069366,0.967921,0.324473,0.089511,0.834038,0.001142,0.002049,0.118448,0.069993,0.066950,0.672910,0.041841,0.190828,0.002279
seq3,12,0.398717,0.001445,0.535615,0.019866,0.195952,0.031410,0.000986,0.295850,0.949337,0.233830,0.295396,0.762971,0.001105,0.236154,0.346283,0.817591,0.297546,0.964040,0.074817,0.128423,0.873406,0.051598,0.001072,0.090495,0.123582,0.070141,0.527248,0.000211,0.327900,0.003252
