seq_id,pos,A,R,N,D,C,Q,E,G,H,I,L,K,M,F,P,S,T,W,Y,V
seq1,1,0.005816,0.018929,0.016759,0.994556,0.008175,0.389619,0.067678,0.060280,0.000158,0.810932,0.089146,0.014212,0.078087,0.248419,0.003839,0.132565,0.066934,0.973189,0.036483,0.887830
seq1,2,0.003027,0.377173,0.006330,0.851808,0.020463,0.780328,0.598899,0.106720,0.233970,0.930163,0.016628,0.014973,0.143219,0.986390,0.000275,0.026418,0.910097,0.999686,0.424480,0.995621
seq1,3,0.026749,0.083320,0.167649,0.996303,0.031126,0.668993,0.786723,0.015677,0.004504,0.863667,0.020493,0.003303,0.061552,0.989814,0.007847,0.016220,0.985730,0.992409,0.329287,0.268011
seq1,4,0.000383,0.302703,0.007631,0.996186,0.009739,0.003484,0.337153,0.232332,0.936020,0.094953,0.331304,0.009316,0.167702,0.662362,0.040180,0.146780,0.163671,0.999373,0.078109,0.998901
seq1,5,0.002252,0.807378,0.046465,0.951293,0.004477,0.003606,0.056097,0.318265,0.996231,0.119413,0.004805,0.014391,0.255112,0.552513,0.048026,0.190726,0.038725,0.996048,0.181750,0.998189
seq1,6,0.008672,0.024108,0.007780,0.994251,0.008118,0.051192,0.410729,0.063063,0.308202,0.145314,0.022382,0.240561,0.308040,0.698258,0.001363,0.269765,0.145200,0.941976,0.043936,0.999694
seq1,7,0.011279,0.289396,0.012052,0.999613,0.000402,0.008254,0.807334,0.394343,0.935010,0.061904,0.299960,0.010108,0.470069,0.937973,0.000629,0.008665,0.239676,0.997968,0.071741,0.999066
seq1,8,0.013377,0.309760,0.003119,0.999670,0.005634,0.154132,0.796800,0.178192,0.541318,0.004237,0.025327,0.004316,0.201572,0.871373,0.000000,0.172106,0.068137,0.996957,0.022641,0.999409
seq1,9,0.033739,0.063298,0.016443,0.999835,0.004230,0.042906,0.003219,0.090577,0.017157,0.941930,0.019787,0.001958,0.001564,0.999877,0.007546,0.486236,0.218935,0.998253,0.159725,0.063075
seq1,10,0.045609,0.014985,0.008355,0.993520,0.000215,0.284145,0.972768,0.080198,0.033139,0.064409,0.542648,0.070902,0.951259,0.053561,0.001788,0.140052,0.996608,1.000000,0.052439,0.342654
seq1,11,0.032034,0.533989,0.007187,0.894844,0.014810,0.627835,0.088225,0.063475,0.547456,0.881843,0.043325,0.243099,0.613199,0.681182,0.011988,0.066084,0.045083,0.996829,0.229749,0.993226
seq1,12,0.008710,0.033839,0.045263,0.870717,0.013319,0.199141,0.030759,0.019968,0.127424,0.995833,0.040615,0.571320,0.116483,0.173027,0.001879,0.282080,0.145236,0.901393,0.058843,0.904330
seq2,1,0.018799,0.581916,0.296650,0.328369,0.038379,0.106660,0.113958,0.076697,0.062234,0.002400,0.009802,0.052495,0.081073,0.062239,0.833094,0.433117,0.030905,0.190624,0.092677,0.999970
seq2,2,0.054890,0.135054,0.171688,0.066241,0.018496,0.207256,0.475973,0.702409,0.515406,0.039645,0.020234,0.040131,0.024438,0.017463,0.988347,0.319895,0.004809,0.036730,0.891696,0.999000
seq2,3,0.067581,0.009144,0.062349,0.024599,0.729209,0.684733,0.679651,0.904306,0.004074,0.023925,0.005524,0.102754,0.051691,0.511599,0.971662,0.359240,0.011081,0.385373,0.078363,0.997538
seq2,4,0.018766,0.153014,0.024903,0.521972,0.004289,0.672642,0.009449,0.986302,0.093182,0.052901,0.016179,0.986774,0.069342,0.036930,0.843990,0.238619,0.029820,0.256499,0.008188,0.996048
seq2,5,0.006776,0.300933,0.065140,0.742387,0.017447,0.574876,0.038277,0.984111,0.012315,0.095483,0.006744,0.456597,0.064292,0.044581,0.747896,0.242366,0.007990,0.597707,0.025975,0.994567
seq2,6,0.000485,0.031984,0.023089,0.317443,0.058715,0.438974,0.082115,0.865460,0.034028,0.098483,0.031223,0.464798,0.057477,0.806043,0.971814,0.248672,0.004170,0.069058,0.168114,0.299309
seq2,7,0.022753,0.113254,0.064909,0.002873,0.019728,0.650202,0.057428,0.997063,0.028295,0.034648,0.012019,0.084124,0.025422,0.432774,0.984708,0.900442,0.025881,0.056325,0.117045,0.978007
seq2,8,0.110141,0.210955,0.016457,0.103906,0.051185,0.068382,0.508797,0.995567,0.177750,0.083450,0.025448,0.046575,0.025376,0.423322,0.984381,0.239727,0.047291,0.039672,0.126395,0.998095
seq2,9,0.068197,0.027050,0.474152,0.087035,0.135440,0.409375,0.455989,0.950953,0.428134,0.056157,0.012906,0.047021,0.006217,0.131816,0.986094,0.380412,0.003119,0.026844,0.834937,0.997488
seq2,10,0.015929,0.386186,0.160952,0.462915,0.057244,0.114212,0.011900,0.071590,0.229749,0.166604,0.019741,0.076435,0.022271,0.433063,0.109049,0.747350,0.027710,0.400839,0.272608,0.998797
seq2,11,0.146174,0.016822,0.869145,0.049875,0.765048,0.467112,0.940480,0.217415,0.572199,0.004944,0.015244,0.052947,0.453733,0.031943,0.677008,0.118024,0.000567,0.396238,0.012176,0.995272
seq2,12,0.030022,0.131935,0.230716,0.066246,0.037658,0.095593,0.060536,0.992699,0.074949,0.111714,0.026221,0.291352,0.022038,0.064164,0.996665,0.873613,0.047299,0.008351,0.066196,0.986150
seq2,13,0.086679,0.759989,0.055193,0.297441,0.044633,0.028372,0.000000,0.925633,0.004991,0.084214,0.017261,0.062207,0.050292,0.440871,0.991640,0.271892,0.193524,0.109980,0.277730,0.984129
seq2,14,0.131353,0.087166,0.062762,0.100858,0.023135,0.156302,0.027603,0.995925,0.107796,0.137722,0.012208,0.071118,0.028488,0.398605,0.777337,0.240648,0.030010,0.197916,0.114297,0.993565
seq2,15,0.108901,0.009592,0.182225,0.028297,0.079134,0.501897,0.037280,0.998157,0.150274,0.047560,0.059890,0.020023,0.048604,0.338137,0.986358,0.980074,0.002569,0.185525,0.066908,0.998583
seq2,16,0.068784,0.036589,0.033671,0.095464,0.013324,0.870469,0.045641,1.000000,0.066370,0.004612,0.031882,0.061429,0.005430,0.366065,0.983696,0.970594,0.007357,0.077001,0.085276,0.998956
seq2,17,0.005633,0.451729,0.054717,0.153782,0.017865,0.550871,0.019705,0.990932,0.051715,0.124401,0.008735,0.648020,0.030363,0.266789,0.892535,0.236314,0.022548,0.264829,0.219927,0.999168
seq2,18,0.040576,0.020513,0.033245,0.463919,0.159730,0.687776,0.024799,0.988969,0.043543,0.045082,0.013472,0.998773,0.016408,0.255585,0.997365,0.806056,0.012932,0.027126,0.072960,0.701711
seq2,19,0.002483,0.347248,0.245487,0.428023,0.033066,0.064889,0.037506,0.079641,0.112087,0.009813,0.017828,0.107523,0.055373,0.056316,0.654641,0.331648,0.011853,0.130131,0.101036,0.993630
seq2,20,0.774921,0.829733,0.020831,0.990599,0.067204,0.594967,0.245411,0.018356,0.547351,0.057582,0.017502,0.336692,0.126016,0.026482,0.059216,0.792740,0.028953,0.680570,0.099609,0.999859
seq2,21,0.054208,0.065466,0.083029,0.004684,0.054708,0.028568,0.687586,0.928029,0.011990,0.044840,0.025705,0.025378,0.043026,0.382859,0.993412,0.080273,0.004227,0.161004,0.486347,0.998939
seq2,22,0.135507,0.098264,0.013214,0.002970,0.242361,0.150561,0.679346,0.464124,0.063272,0.034115,0.027185,0.020477,0.026823,0.610652,0.632684,0.050026,0.005394,0.871830,0.060193,0.996415
seq2,23,0.215732,0.089182,0.011969,0.095788,0.066479,0.051810,0.052522,0.999096,0.082260,0.018875,0.027079,0.199112,0.014639,0.069755,0.994494,0.692198,0.062350,0.004613,0.073316,0.933170
seq2,24,0.120604,0.006242,0.014873,0.682955,0.089911,0.251874,0.050121,0.993619,0.010500,0.003288,0.030794,0.930892,0.036176,0.001759,0.989074,0.451079,0.047315,0.078618,0.013528,0.994594
seq2,25,0.015997,0.030468,0.129790,0.026672,0.642533,0.215675,0.070781,0.077897,0.032126,0.456764,0.285438,0.299059,0.017856,0.984151,0.906076,0.520269,0.032429,0.394736,0.308116,0.313671
seq2,26,0.451021,0.023916,0.678283,0.015109,0.997078,0.082514,0.995144,0.244335,0.071162,0.035371,0.048577,0.000287,0.058813,0.197199,0.467105,0.033154,0.064612,0.423648,0.396917,0.999278
seq2,27,0.106286,0.035889,0.050835,0.476856,0.100453,0.532733,0.045836,0.983351,0.024077,0.000195,0.024744,0.988607,0.043980,0.524106,0.998909,0.445030,0.036033,0.029128,0.016400,0.971122
seq2,28,0.073012,0.063304,0.013292,0.359304,0.272854,0.702696,0.030953,0.955074,0.038626,0.036046,0.020711,0.989429,0.011466,0.385679,0.993957,0.649305,0.008309,0.071262,0.110190,0.642016
seq3,1,0.991003,0.994602,0.074519,0.993641,0.992875,0.000297,0.036520,0.927056,0.025777,0.981850,0.984366,0.061725,0.018627,0.011514,0.019039,0.006986,0.032676,0.978059,0.052055,0.082714
seq3,2,0.949553,0.984615,0.000827,0.035593,0.961444,0.000000,0.990047,0.997015,0.046991,0.992164,0.108928,0.921516,0.037957,0.987564,0.009715,0.057209,0.010260,0.567653,0.029582,0.046837
seq3,3,0.017651,0.056941,0.974983,0.025759,0.087527,0.006656,0.379017,0.960548,0.239830,0.777904,0.996744,0.985404,0.050107,0.988242,0.011465,0.089175,0.008869,0.031014,0.035730,0.026239
seq3,4,0.993787,0.979654,0.266099,0.045553,0.993243,0.162361,0.054112,0.901749,0.000996,0.034393,0.971540,0.795285,0.017634,0.042334,0.052150,0.059808,0.040441,0.208540,0.039354,0.968867
seq3,5,0.965619,0.957038,0.000734,0.033106,0.999914,0.098922,0.024077,0.956882,0.904734,0.953886,0.915469,0.973475,0.038044,0.046348,0.051950,0.045136,0.623681,0.647275,0.001228,0.054236
seq3,6,0.023511,0.053232,0.971100,0.004527,0.015400,0.031547,0.069226,0.101167,0.043457,0.949837,0.161409,0.986860,0.036836,0.970419,0.972702,0.063449,0.039031,0.229746,0.009355,0.973467
seq3,7,0.077453,0.197759,0.766639,0.015900,0.977466,0.039724,0.429417,0.208487,0.002099,0.011391,0.989880,0.995949,0.984748,0.972997,0.023403,0.002169,0.016072,0.788373,0.039607,0.077121
seq3,8,0.973684,0.491071,0.057343,0.069701,0.981590,0.705976,0.025288,0.978900,0.170837,0.977457,0.283862,0.969633,0.027722,0.001721,0.001069,0.061371,0.026387,0.978179,0.019748,0.060023
seq3,9,0.977311,0.556431,0.058865,0.039157,0.882064,0.019332,0.020992,0.004282,0.007633,0.989943,0.995452,0.707136,0.007868,0.980200,0.027136,0.051329,0.000144,0.994344,0.036135,0.980471
seq3,10,0.450161,0.969987,0.041848,0.006194,0.982134,0.037348,0.060812,0.080862,0.307287,0.977796,0.968095,0.318344,0.010101,0.981325,0.040543,0.002714,0.013640,0.979710,0.030447,0.058727
seq3,11,0.968115,0.706722,0.041998,0.372913,0.998955,0.047127,0.039806,0.945825,0.043282,0.019495,0.987662,0.819217,0.034652,0.077590,0.064592,0.734383,0.019359,0.908582,0.053600,0.952742
seq3,12,0.998118,0.001232,0.014578,0.054204,0.982104,0.001320,0.012974,0.015653,0.015332,1.000000,0.996104,0.993467,0.014383,0.999539,0.055335,0.092406,0.003863,0.809713,0.026790,0.952284
